{"cameraMode":{"drawMode":0,"name":"Shaded","section":"Shading Mode"},"sceneLighting":true,"audioPlay":false,"sceneViewState":{"showFog":true,"showMaterialUpdate":false,"showSkybox":true,"showFlares":true,"showImageEffects":true,"showParticleSystems":true},"in2DMode":false,"pivot":{"x":-87.6385498046875,"y":173.52330017089845,"z":-72.38882446289063},"rotation":{"x":-0.48712158203125,"y":-0.00733913341537118,"z":0.004092615097761154,"w":-0.8732951879501343},"size":9.046940803527832,"orthographic":false}