{"cameraMode":{"drawMode":0,"name":"Shaded","section":"Shading Mode"},"sceneLighting":true,"audioPlay":false,"sceneViewState":{"showFog":true,"showMaterialUpdate":false,"showSkybox":true,"showFlares":true,"showImageEffects":true,"showParticleSystems":true},"in2DMode":false,"pivot":{"x":61.128692626953128,"y":-87.8321533203125,"z":31.000900268554689},"rotation":{"x":-0.13184165954589845,"y":0.8665853142738342,"z":-0.3672136068344116,"w":-0.31113243103027346},"size":159.76609802246095,"orthographic":false}